code,area,year,domestic_consumers _sales_GWh,domestic_ consumers_number_of_consumers_(thousands),commercial_and_industrial_consumers_sales_GWh,commercial_and_industrial_consumers_number_of_consumers_(thousands),all_consumers_sales_GWh,all_consumers_number_of_consumers_(thousands),sales_per_consumer_domestic_kWh,sales_per_consumer_commercial_and_industrial_kWh,
E09000001,City of London,2001,869,50,1661,3,2530,53,17282,585754,
E09000002,Barking and Dagenham,2001,961,56,339,1,1300,57,17151,538825,
E09000003,Barnet,2001,2825,118,930,4,3755,122,23964,227728,
E09000004,Bexley,2001,1615,79,1198,1,2813,80,20463,1335027,
E09000005,Brent,2001,1962,94,817,2,2779,96,20979,400457,
E09000006,Bromley,2001,2711,120,673,2,3383,123,22501,297386,
E09000007,Camden,2001,693,40,984,2,1677,42,17189,503755,
E09000008,Croydon,2001,2767,131,791,2,3558,133,21181,340135,
E09000009,Ealing,2001,2072,103,1241,2,3313,105,20159,521306,
E09000010,Enfield,2001,2159,106,836,2,2996,108,20346,443924,
E09000011,Greenwich,2001,1508,80,1060,1,2568,81,18835,812301,
E09000012,Hackney,2001,1210,73,444,1,1654,74,16580,323759,
E09000013,Hammersmith and Fulham,2001,1297,75,852,2,2149,77,17243,487872,
E09000014,Haringey,2001,1799,92,541,2,2341,94,19518,263895,
E09000015,Harrow,2001,1636,69,886,1,2522,70,23716,686116,
E09000016,Havering,2001,1726,83,347,1,2073,84,20759,313813,
E09000017,Hillingdon,2001,2136,101,1249,2,3386,103,21180,679688,
E09000018,Hounslow,2001,1533,78,1040,2,2573,79,19774,665710,
E09000019,Islington,2001,1337,81,1266,2,2603,84,16472,535019,
E09000020,Kensington and Chelsea,2001,1074,61,3498,3,4572,64,17474,1220825,
E09000021,Kingston upon Thames,2001,1100,51,292,1,1392,53,21373,267451,
E09000022,Lambeth,2001,2171,121,1192,2,3363,124,17902,491503,
E09000023,Lewisham,2001,1667,97,934,2,2601,99,17212,516525,
E09000024,Merton,2001,1459,75,654,1,2113,76,19584,445396,
E09000025,Newham,2001,1821,102,1286,2,3108,104,17831,796374,
E09000026,Redbridge,2001,2037,95,415,2,2451,97,21363,272564,
E09000027,Richmond upon Thames,2001,1853,88,768,2,2621,90,21084,330657,
E09000028,Southwark,2001,1634,99,1160,2,2794,101,16462,669077,
E09000029,Sutton,2001,1520,72,523,1,2043,74,21034,392986,
E09000030,Tower Hamlets,2001,1248,85,1177,2,2425,86,14769,652882,
E09000031,Waltham Forest,2001,1692,90,502,1,2194,92,18737,375752,
E09000032,Wandsworth,2001,1908,101,969,2,2877,104,18823,445259,
E09000033,Westminster,2001,1275,83,3311,6,4586,89,15422,545075,
E12000001,North East,2001,20199,973,13451,15,33650,988,20766,871759,
E12000002,North West,2001,53269,2642,42929,50,96198,2692,20159,860548,
E12000003,Yorkshire and the Humber,2001,37276,1900,32682,35,69957,1935,19614,937712,
E12000004,East Midlands,2001,30446,1529,22970,26,53416,1556,19907,869410,
E12000005,Wes tMidlands,2001,37667,1906,29924,35,67591,1941,19766,856128,
E12000006,East,2001,35731,1774,23505,33,59237,1807,20144,706349,
E12000007,London,2001,55279,2851,33836,65,89115,2916,19392,516584,
E12000008,South East,2001,57589,2805,33502,61,91091,2867,20529,545900,
E12000009,South West,2001,27900,1508,18225,28,46126,1536,18506,643749,
W92000004,Wales,2001,18760,977,26849,15,45609,992,19202,1789933,
S92000003,Scotland,2001,34492,1625,30650,32,65142,1657,21226,957813,
K03000001,Great Britain,2001,408608,20490,308524,397,717132,20887,19942,777139,
E09000001,City of London,2002,840,49,1767,3,2607,51,17258,630525,
E09000002,Barking and Dagenham,2002,989,57,311,1,1300,57,17438,463817,
E09000003,Barnet,2002,2830,117,1036,4,3866,121,24184,250113,
E09000004,Bexley,2002,1661,81,1258,1,2919,81,20625,1398598,
E09000005,Brent,2002,1887,89,810,2,2697,91,21205,429107,
E09000006,Bromley,2002,2687,119,722,2,3409,121,22656,322532,
E09000007,Camden,2002,700,41,1054,2,1755,43,17157,534782,
E09000008,Croydon,2002,2755,129,968,2,3723,131,21418,418550,
E09000009,Ealing,2002,2079,102,1072,2,3150,105,20305,462453,
E09000010,Enfield,2002,2202,106,886,2,3088,108,20835,474537,
E09000011,Greenwich,2002,1523,80,1102,1,2625,81,19135,847041,
E09000012,Hackney,2002,1236,73,475,1,1711,75,16835,351873,
E09000013,Hammersmith and Fulham,2002,1314,75,922,2,2236,77,17518,515440,
E09000014,Haringey,2002,1830,91,641,2,2471,93,20031,309847,
E09000015,Harrow,2002,1650,69,949,1,2599,71,23794,743049,
E09000016,Havering,2002,1768,84,387,1,2154,86,20955,328041,
E09000017,Hillingdon,2002,2156,102,1368,2,3524,103,21234,746992,
E09000018,Hounslow,2002,1558,78,1274,2,2832,80,19874,806746,
E09000019,Islington,2002,1347,80,1386,2,2733,83,16738,579897,
E09000020,Kensington and Chelsea,2002,1071,61,1339,3,2410,64,17518,474785,
E09000021,Kingston upon Thames,2002,1132,53,326,1,1458,54,21546,282216,
E09000022,Lambeth,2002,2197,122,1165,2,3362,124,18074,486912,
E09000023,Lewisham,2002,1699,98,993,2,2691,100,17387,549623,
E09000024,Merton,2002,1449,73,739,2,2189,75,19858,473402,
E09000025,Newham,2002,1857,103,1400,2,3257,105,18048,859747,
E09000026,Redbridge,2002,2084,97,450,2,2534,98,21504,294450,
E09000027,Richmond upon Thames,2002,1883,89,805,2,2688,91,21235,343915,
E09000028,Southwark,2002,1678,101,1262,2,2940,102,16678,714463,
E09000029,Sutton,2002,1575,75,552,1,2127,76,21073,394525,
E09000030,Tower Hamlets,2002,1218,83,1239,2,2456,84,14758,710076,
E09000031,Waltham Forest,2002,1703,89,565,1,2267,90,19142,408806,
E09000032,Wandsworth,2002,1918,101,1016,2,2935,103,19006,464203,
E09000033,Westminster,2002,1272,83,3575,6,4847,89,15357,580896,
E12000001,North East,2002,20752,988,14433,16,35184,1004,20996,909947,
E12000002,North West,2002,53891,2641,43643,50,97534,2691,20402,877340,
E12000003,Yorkshire and the Humber,2002,38224,1903,35078,36,73302,1940,20082,965333,
E12000004,East Midlands,2002,31185,1536,23413,27,54598,1563,20302,857295,
E12000005,Wes tMidlands,2002,38433,1908,30265,35,68698,1944,20138,855158,
E12000006,East,2002,36500,1785,24092,34,60592,1819,20446,707128,
E12000007,London,2002,55749,2847,33813,66,89562,2912,19585,514339,
E12000008,South East,2002,58161,2828,36166,62,94326,2890,20563,587245,
E12000009,South West,2002,27380,1521,18973,28,46353,1549,18002,678588,
W92000005,Wales,2002,19843,985,24578,15,44421,1000,20145,1638533,
S92000004,Scotland,2002,34053,1643,30501,34,64554,1677,20726,897088,
K03000002,Great Britain,2002,414170,20587,314954,403,729124,20990,20118,781524,
E09000001,City of London,2003,876,51,1833,3,2709,54,17175,644326,
E09000002,Barking and Dagenham,2003,877,52,347,1,1224,52,16938,538725,
E09000003,Barnet,2003,2832,117,981,4,3814,121,24313,232706,
E09000004,Bexley,2003,1765,86,1268,1,3033,87,20590,1295777,
E09000005,Brent,2003,2011,94,839,2,2850,97,21298,400313,
E09000006,Bromley,2003,2849,127,753,2,3602,130,22366,304594,
E09000007,Camden,2003,729,42,1131,2,1860,44,17292,536065,
E09000008,Croydon,2003,2744,128,803,2,3547,131,21407,324153,
E09000009,Ealing,2003,2130,104,1080,2,3210,107,20457,434854,
E09000010,Enfield,2003,2190,103,835,2,3024,105,21171,426472,
E09000011,Greenwich,2003,1449,76,1100,1,2548,77,19148,883577,
E09000012,Hackney,2003,1089,64,415,1,1505,66,16906,323914,
E09000013,Hammersmith and Fulham,2003,1264,73,945,2,2209,75,17309,554645,
E09000014,Haringey,2003,1796,89,634,2,2429,92,20089,284381,
E09000015,Harrow,2003,1610,68,936,1,2547,69,23765,709924,
E09000016,Havering,2003,1901,90,408,1,2309,92,21015,280213,
E09000017,Hillingdon,2003,2200,104,1718,2,3918,106,21114,897110,
E09000018,Hounslow,2003,1555,78,1088,2,2644,80,19893,684036,
E09000019,Islington,2003,1376,82,1265,2,2640,84,16842,522523,
E09000020,Kensington and Chelsea,2003,1158,67,1430,3,2588,70,17199,465927,
E09000021,Kingston upon Thames,2003,1238,58,354,1,1592,59,21457,275684,
E09000022,Lambeth,2003,2109,117,1142,2,3251,119,18069,478057,
E09000023,Lewisham,2003,1685,96,964,2,2649,98,17499,513921,
E09000024,Merton,2003,1454,72,658,2,2111,74,20069,410753,
E09000025,Newham,2003,1925,106,1130,2,3055,108,18086,631811,
E09000026,Redbridge,2003,2023,94,456,2,2479,95,21620,287360,
E09000027,Richmond upon Thames,2003,1878,89,836,2,2713,91,21109,347233,
E09000028,Southwark,2003,1636,98,1398,2,3035,100,16686,804490,
E09000029,Sutton,2003,1580,74,534,1,2114,76,21313,369049,
E09000030,Tower Hamlets,2003,1246,84,1648,2,2894,86,14814,914689,
E09000031,Waltham Forest,2003,1736,90,537,2,2272,92,19282,345745,
E09000032,Wandsworth,2003,1896,100,994,2,2890,102,18982,432558,
E09000033,Westminster,2003,1267,83,3925,6,5193,90,15218,629674,
E12000001,North East,2003,20706,992,14158,17,34864,1009,20876,847158,
E12000002,North West,2003,54280,2656,42492,52,96771,2708,20435,821323,
E12000003,Yorkshire and the Humber,2003,38384,1913,36713,39,75097,1952,20062,938420,
E12000004,East Midlands,2003,31201,1538,22865,29,54066,1566,20292,797230,
E12000005,Wes tMidlands,2003,38526,1911,29641,38,68168,1949,20163,783864,
E12000006,East,2003,36333,1776,24242,35,60575,1812,20456,683197,
E12000007,London,2003,56074,2858,34386,69,90459,2927,19617,501864,
E12000008,South East,2003,58159,2831,34916,64,93076,2895,20542,545873,
E12000009,South West,2003,27806,1554,18424,29,46231,1583,17888,635934,
W92000006,Wales,2003,20278,992,21009,16,41287,1008,20442,1313063,
S92000005,Scotland,2003,34200,1661,28949,35,63149,1696,20590,827114,
K03000003,Great Britain,2003,415948,20683,307795,422,723743,21105,20111,729372,
E09000001,City of London,2004,39,3,984,1,1023,4,14900,872520,
E09000002,Barking and Dagenham,2004,1003,63,788,1,1792,64,15855,981924,
E09000003,Barnet,2004,2753,120,890,4,3644,124,22952,217411,
E09000004,Bexley,2004,1676,86,906,1,2582,87,19401,894491,
E09000005,Brent,2004,2051,99,724,2,2775,101,20759,336151,
E09000006,Bromley,2004,2656,123,602,2,3258,125,21555,265779,
E09000007,Camden,2004,1259,78,1683,4,2942,81,16215,446356,
E09000008,Croydon,2004,2668,130,933,2,3600,132,20533,378298,
E09000009,Ealing,2004,2205,114,890,2,3095,116,19389,371372,
E09000010,Enfield,2004,2068,103,739,2,2806,105,20141,374032,
E09000011,Greenwich,2004,1535,88,1031,1,2566,89,17485,753438,
E09000012,Hackney,2004,1363,86,402,2,1765,88,15797,250431,
E09000013,Hammersmith and Fulham,2004,1205,73,725,1,1930,75,16463,485352,
E09000014,Haringey,2004,1747,92,500,2,2247,94,19027,237019,
E09000015,Harrow,2004,1774,78,762,2,2536,79,22801,452575,
E09000016,Havering,2004,1818,91,373,2,2190,93,19955,238408,
E09000017,Hillingdon,2004,1851,93,1676,2,3527,95,19960,890670,
E09000018,Hounslow,2004,1504,79,1042,2,2546,81,19002,628178,
E09000019,Islington,2004,1287,83,917,2,2203,85,15411,468126,
E09000020,Kensington and Chelsea,2004,1143,70,1114,3,2257,74,16276,342015,
E09000021,Kingston upon Thames,2004,1151,57,318,1,1469,58,20245,255510,
E09000022,Lambeth,2004,1941,115,918,2,2859,117,16941,432439,
E09000023,Lewisham,2004,1851,105,417,1,2268,106,17681,278919,
E09000024,Merton,2004,1384,73,480,2,1864,75,18925,309488,
E09000025,Newham,2004,1498,89,1490,1,2988,90,16785,1185559,
E09000026,Redbridge,2004,1844,88,370,1,2214,89,21024,271018,
E09000027,Richmond upon Thames,2004,1542,76,498,2,2040,77,20413,271898,
E09000028,Southwark,2004,1442,100,1133,2,2575,102,14467,536583,
E09000029,Sutton,2004,1338,67,375,1,1713,68,19957,322273,
E09000030,Tower Hamlets,2004,955,72,913,1,1868,73,13301,610531,
E09000031,Waltham Forest,2004,1596,88,434,1,2029,89,18165,322787,
E09000032,Wandsworth,2004,2033,115,986,2,3019,117,17703,419851,
E09000033,Westminster,2004,1285,88,3249,6,4533,94,14584,518070,
E12000001,North East,2004,20730,1022,14129,17,34859,1039,20288,827129,
E12000002,North West,2004,53282,2693,38813,52,92096,2745,19788,739809,
E12000003,Yorkshire and the Humber,2004,39203,1975,34437,41,73640,2015,19854,849953,
E12000004,East Midlands,2004,31507,1597,19364,32,50870,1629,19723,614174,
E12000005,Wes tMidlands,2004,37974,1971,24238,40,62212,2011,19268,599698,
E12000006,East,2004,35631,1848,20299,36,55930,1884,19282,556870,
E12000007,London,2004,53463,2883,29262,66,82725,2949,18546,441710,
E12000008,South East,2004,56688,2934,28058,63,84747,2997,19320,447641,
E12000009,South West,2004,28606,1630,16950,29,45557,1659,17548,578157,
W92000007,Wales,2004,20053,1031,19450,17,39503,1048,19459,1125983,
S92000006,Scotland,2004,34851,1721,26181,36,61032,1757,20246,733498,
K03000004,Great Britain,2004,414363,21442,276343,434,690707,21875,19325,637366,
E09000001,City of London,2005,37,2,945,1,982,4,15105,842338,
E09000002,Barking and Dagenham,2005,991,64,326,1,1316,65,15415,461736,
E09000003,Barnet,2005,2728,121,808,4,3536,125,22502,219985,
E09000004,Bexley,2005,1647,87,895,1,2543,88,18995,946537,
E09000005,Brent,2005,2003,99,640,2,2643,100,20316,339455,
E09000006,Bromley,2005,2606,123,568,2,3174,125,21129,268700,
E09000007,Camden,2005,1238,78,1613,4,2851,82,15844,453066,
E09000008,Croydon,2005,2636,131,895,2,3531,133,20170,402760,
E09000009,Ealing,2005,2179,114,844,2,3023,116,19088,386478,
E09000010,Enfield,2005,2023,103,730,2,2752,105,19676,426429,
E09000011,Greenwich,2005,1531,90,1030,1,2561,92,16957,833321,
E09000012,Hackney,2005,1324,87,363,1,1687,88,15305,253935,
E09000013,Hammersmith and Fulham,2005,1183,73,678,1,1861,75,16128,496505,
E09000014,Haringey,2005,1719,93,446,2,2165,94,18573,238324,
E09000015,Harrow,2005,1755,79,698,1,2453,80,22342,467446,
E09000016,Havering,2005,1784,92,348,1,2133,93,19421,274660,
E09000017,Hillingdon,2005,1821,93,1723,2,3544,95,19583,1008700,
E09000018,Hounslow,2005,1493,80,878,2,2371,81,18684,567862,
E09000019,Islington,2005,1254,84,714,2,1968,86,14957,398095,
E09000020,Kensington and Chelsea,2005,1128,71,1072,3,2200,74,15987,342596,
E09000021,Kingston upon Thames,2005,1145,57,309,1,1454,59,19938,266846,
E09000022,Lambeth,2005,1899,115,871,2,2771,117,16517,448985,
E09000023,Lewisham,2005,1812,105,421,1,2234,107,17221,310921,
E09000024,Merton,2005,1371,74,447,1,1817,75,18644,316861,
E09000025,Newham,2005,1467,90,1356,1,2823,91,16336,1158123,
E09000026,Redbridge,2005,1834,90,351,1,2185,91,20398,280035,
E09000027,Richmond upon Thames,2005,1526,76,511,2,2037,77,20145,307135,
E09000028,Southwark,2005,1412,100,1127,2,2539,102,14106,566830,
E09000029,Sutton,2005,1326,68,372,1,1698,69,19593,348076,
E09000030,Tower Hamlets,2005,931,72,775,1,1706,73,12921,539960,
E09000031,Waltham Forest,2005,1572,88,420,1,1992,90,17760,351708,
E09000032,Wandsworth,2005,2003,115,937,2,2940,117,17361,446113,
E09000033,Westminster,2005,1258,88,3101,6,4359,94,14249,508558,
E12000001,North East,2005,20711,1037,13952,16,34663,1054,19964,860235,
E12000002,North West,2005,53391,2748,35926,49,89317,2797,19429,735125,
E12000003,Yorkshire and the Humber,2005,39024,1990,30649,37,69673,2027,19610,828418,
E12000004,East Midlands,2005,31469,1621,18936,29,50405,1649,19416,664388,
E12000005,Wes tMidlands,2005,37726,1985,22963,36,60689,2021,19006,630898,
E12000006,East,2005,35684,1893,20943,33,56628,1926,18854,629552,
E12000007,London,2005,52635,2901,27214,61,79849,2962,18141,447582,
E12000008,South East,2005,56300,2964,29675,59,85975,3023,18994,506024,
E12000009,South West,2005,28438,1643,16247,28,44685,1671,17311,584372,
W92000008,Wales,2005,355379,18782,216506,348,571885,19129,..,..,
S92000007,Scotland,2005,19889,1042,14422,16,34311,1058,19092,896725,
K03000005,Great Britain,2005,35329,1763,25614,34,60943,1797,20042,745902,
E09000001,City of London,2005,410737,21595,256850,398,667587,21993,19020,645050,
E09000002,Barking and Dagenham,2006,36,3,889,1,925,4,14027,807118,
E09000003,Barnet,2006,950,65,256,1,1206,65,14672,374981,
E09000004,Bexley,2006,2660,122,747,3,3407,126,21760,216886,
E09000005,Brent,2006,1592,87,896,1,2488,88,18265,947325,
E09000006,Bromley,2006,1947,100,582,2,2530,102,19510,323949,
E09000007,Camden,2006,2531,125,611,2,3142,127,20291,303119,
E09000008,Croydon,2006,1192,78,1617,3,2809,81,15279,471044,
E09000009,Ealing,2006,2547,131,646,2,3193,133,19399,296734,
E09000010,Enfield,2006,2121,115,831,2,2952,117,18416,400695,
E09000011,Greenwich,2006,1957,104,692,2,2650,106,18814,424322,
E09000012,Hackney,2006,1479,91,995,1,2474,92,16218,845857,
E09000013,Hammersmith and Fulham,2006,1267,87,352,1,1619,88,14558,267931,
E09000014,Haringey,2006,1138,73,663,1,1801,75,15490,494686,
E09000015,Harrow,2006,1644,93,429,2,2074,95,17662,249746,
E09000016,Havering,2006,1710,79,669,1,2379,81,21606,472936,
E09000017,Hillingdon,2006,1722,93,288,1,2010,94,18564,247224,
E09000018,Hounslow,2006,1782,94,1572,2,3353,96,18896,973956,
E09000019,Islington,2006,1452,80,833,1,2285,82,18042,569920,
E09000020,Kensington and Chelsea,2006,1206,85,745,2,1951,87,14199,432844,
E09000021,Kingston upon Thames,2006,1091,71,1047,3,2138,74,15428,345927,
E09000022,Lambeth,2006,1109,58,285,1,1394,59,19284,250928,
E09000023,Lewisham,2006,1827,116,855,2,2682,118,15774,466683,
E09000024,Merton,2006,1736,106,364,1,2099,107,16438,289969,
E09000025,Newham,2006,1328,74,433,1,1761,75,17994,321381,
E09000026,Redbridge,2006,1409,90,1310,1,2720,91,15672,1167714,
E09000027,Richmond upon Thames,2006,1781,91,333,1,2114,92,19609,279049,
E09000028,Southwark,2006,1477,76,485,2,1962,77,19457,311121,
E09000029,Sutton,2006,1361,101,1020,2,2381,103,13454,525875,
E09000030,Tower Hamlets,2006,1292,68,367,1,1658,69,18924,353728,
E09000031,Waltham Forest,2006,918,74,802,1,1720,75,12442,575678,
E09000032,Wandsworth,2006,1522,89,440,1,1962,90,17049,372195,
E09000033,Westminster,2006,1934,116,837,2,2771,118,16681,418586,
E12000001,North East,2006,1224,89,3115,6,4339,95,13804,523455,
E12000002,North West,2006,20018,1051,12317,16,32335,1067,19046,784002,
E12000003,Yorkshire and the Humber,2006,51567,2764,30642,47,82209,2811,18657,658252,
E12000004,East Midlands,2006,37954,2021,26898,35,64852,2056,18777,766534,
E12000005,Wes tMidlands,2006,30484,1649,17492,27,47976,1675,18492,649144,
E12000006,East,2006,36676,2013,21172,34,57848,2047,18216,621888,
E12000007,London,2006,34679,1923,19766,32,54445,1955,18032,620768,
E12000008,South East,2006,50943,2923,26007,58,76950,2982,17426,446851,
E12000009,South West,2006,55121,3008,23669,56,78790,3064,18322,422413,
W92000009,Wales,2006,27785,1686,14305,26,42090,1712,16480,540173,
S92000008,Scotland,2006,345227,19039,192267,331,537494,19370,..,..,
K03000006,Great Britain,2006,19599,1060,12803,15,32401,1075,18493,827908,
E09000001,City of London,2006,34342,1785,24468,33,58811,1817,19245,752127,
E09000002,Barking and Dagenham,2006,399179,21884,229555,379,628733,22263,18241,605793,
E09000003,Barnet,2007,37,3,927,1,964,4,13901,871130,
E09000004,Bexley,2007,931,65,247,1,1178,66,14232,414241,
E09000005,Brent,2007,2623,123,696,3,3319,127,21252,218111,
E09000006,Bromley,2007,1541,88,810,1,2351,89,17552,924653,
E09000007,Camden,2007,1919,101,555,2,2474,102,19040,334653,
E09000008,Croydon,2007,2476,126,505,2,2980,128,19654,279349,
E09000009,Ealing,2007,1173,79,1543,3,2715,82,14914,478190,
E09000010,Enfield,2007,2497,133,554,2,3051,135,18762,280403,
E09000011,Greenwich,2007,2084,117,772,2,2856,119,17867,403330,
E09000012,Hackney,2007,1923,105,695,2,2618,106,18315,461505,
E09000013,Hammersmith and Fulham,2007,1437,92,979,1,2416,93,15614,886726,
E09000014,Haringey,2007,1253,89,315,1,1568,90,14119,273564,
E09000015,Harrow,2007,1110,74,598,1,1708,75,15010,512454,
E09000016,Havering,2007,1613,94,397,2,2011,95,17174,261797,
E09000017,Hillingdon,2007,1696,80,678,1,2374,81,21168,535763,
E09000018,Hounslow,2007,1679,94,256,1,1936,95,17931,249950,
E09000019,Islington,2007,1753,95,1478,1,3231,97,18439,997267,
E09000020,Kensington and Chelsea,2007,1429,82,780,1,2209,83,17518,585391,
E09000021,Kingston upon Thames,2007,1182,86,715,2,1897,88,13700,471018,
E09000022,Lambeth,2007,1067,71,963,3,2031,74,15028,338500,
E09000023,Lewisham,2007,1080,58,299,1,1380,59,18649,281274,
E09000024,Merton,2007,1775,117,804,2,2579,119,15178,461014,
E09000025,Newham,2007,1692,106,328,1,2020,107,15921,276296,
E09000026,Redbridge,2007,1298,74,401,1,1699,76,17440,323483,
E09000027,Richmond upon Thames,2007,1389,91,1288,1,2677,92,15263,1276720,
E09000028,Southwark,2007,1739,91,319,1,2058,92,19075,291368,
E09000029,Sutton,2007,1449,76,460,1,1909,78,18984,316253,
E09000030,Tower Hamlets,2007,1331,102,1029,2,2361,104,13037,562763,
E09000031,Waltham Forest,2007,1264,69,341,1,1605,70,18336,350258,
E09000032,Wandsworth,2007,903,75,728,1,1631,76,12065,565140,
E09000033,Westminster,2007,1493,90,342,1,1835,91,16589,330085,
E12000001,North East,2007,1886,117,738,2,2624,119,16093,400753,
E12000002,North West,2007,1197,89,2887,6,4084,95,13447,511869,
E12000003,Yorkshire and the Humber,2007,19453,1063,11633,15,31086,1078,18292,793243,
E12000004,East Midlands,2007,50183,2799,30008,43,80190,2842,17932,698648,
E12000005,Wes tMidlands,2007,37013,2045,26356,32,63370,2077,18099,823661,
E12000006,East,2007,29878,1676,16413,25,46290,1701,17823,666187,
E12000007,London,2007,35695,2035,20502,31,56198,2067,17538,656940,
E12000008,South East,2007,34168,1954,18908,29,53076,1984,17482,645628,
E12000009,South West,2007,49921,2952,24429,54,74349,3006,16911,455522,
W92000010,Wales,2007,54319,3052,23253,52,77573,3104,17799,443648,
S92000009,Scotland,2007,27146,1716,13906,25,41052,1741,15823,556847,
K03000007,Great Britain,2007,337775,19293,185408,306,523184,19598,..,..,
E09000001,City of London,2007,18837,1073,12100,14,30938,1088,17550,850389,
E09000002,Barking and Dagenham,2007,34469,1834,25121,31,59590,1865,18795,804581,
E09000003,Barnet,2007,391441,22224,222653,351,614093,22575,17614,633779,
E09000004,Bexley,2008,38,3,908,1,945,4,14041,883830,
E09000005,Brent,2008,896,65,224,1,1120,66,13706,424200,
E09000006,Bromley,2008,2565,124,655,3,3219,127,20625,224781,
E09000007,Camden,2008,1500,88,781,1,2280,89,17014,979499,
E09000008,Croydon,2008,1857,101,539,1,2395,102,18374,376144,
E09000009,Ealing,2008,2419,127,473,2,2893,128,19094,281866,
E09000010,Enfield,2008,1147,79,1598,3,2745,82,14538,511499,
E09000011,Greenwich,2008,2427,135,519,2,2945,136,18041,289971,
E09000012,Hackney,2008,2027,117,746,2,2773,119,17292,430430,
E09000013,Hammersmith and Fulham,2008,1874,106,656,1,2529,107,17749,485230,
E09000014,Haringey,2008,1385,92,1060,1,2444,93,15000,1035919,
E09000015,Harrow,2008,1206,89,285,1,1491,91,13476,263842,
E09000016,Havering,2008,1083,74,654,1,1737,75,14590,575162,
E09000017,Hillingdon,2008,1559,95,368,1,1927,96,16440,273249,
E09000018,Hounslow,2008,1651,81,694,1,2345,82,20485,624474,
E09000019,Islington,2008,1637,94,225,1,1862,95,17421,252096,
E09000020,Kensington and Chelsea,2008,1707,96,1608,1,3315,97,17851,1197110,
E09000021,Kingston upon Thames,2008,1392,82,700,1,2092,83,16944,566909,
E09000022,Lambeth,2008,1137,87,663,1,1800,89,13046,459503,
E09000023,Lewisham,2008,1048,71,968,3,2016,74,14737,358887,
E09000024,Merton,2008,1054,58,292,1,1346,59,18141,292266,
E09000025,Newham,2008,1712,118,777,2,2489,119,14523,497809,
E09000026,Redbridge,2008,1624,107,300,1,1924,108,15183,275743,
E09000027,Richmond upon Thames,2008,1270,75,383,1,1653,76,16992,347034,
E09000028,Southwark,2008,1336,92,1261,1,2597,93,14576,1367994,
E09000029,Sutton,2008,1718,92,295,1,2013,93,18589,297052,
E09000030,Tower Hamlets,2008,1419,77,422,1,1841,78,18500,315202,
E09000031,Waltham Forest,2008,1277,102,1029,2,2305,104,12463,597741,
E09000032,Wandsworth,2008,1239,70,306,1,1545,71,17736,341765,
E09000033,Westminster,2008,872,76,762,1,1634,77,11487,616374,
E12000001,North East,2008,1451,91,312,1,1763,92,15997,334506,
E12000002,North West,2008,1838,118,702,2,2540,120,15590,416660,
E12000003,Yorkshire and the Humber,2008,1165,89,3108,6,4274,95,13053,564009,
E12000004,East Midlands,2008,18604,1066,10632,14,29236,1079,17458,775767,
E12000005,Wes tMidlands,2008,48420,2806,27335,40,75755,2846,17257,685552,
E12000006,East,2008,35502,2050,24026,29,59528,2079,17322,820866,
E12000007,London,2008,28750,1684,15395,23,44145,1706,17075,681746,
E12000008,South East,2008,34452,2041,18331,29,52783,2070,16881,636528,
E12000009,South West,2008,33015,1972,18723,27,51738,1998,16746,700530,
W92000011,Wales,2008,48528,2970,24272,50,72799,3020,16337,488658,
S92000010,Scotland,2008,52376,3077,22150,48,74526,3125,17022,459966,
K03000008,Great Britain,2008,26200,1733,12599,23,38799,1756,15120,547178,
E09000001,City of London,2008,18255,1080,11430,13,29684,1093,16905,879465,
E09000002,Barking and Dagenham,2008,33341,1848,24083,29,57424,1877,18043,818875,
E09000003,Barnet,2008,377473,22327,208983,324,586455,22651,16906,644556,
E09000004,Bexley,2009,35,3,905,1,940,4,13170,875815,
E09000005,Brent,2009,823,65,224,0,1047,66,12593,449106,
E09000006,Bromley,2009,2396,125,597,2,2992,128,19139,244879,
E09000007,Camden,2009,1380,88,724,1,2104,89,15619,1050170,
E09000008,Croydon,2009,1719,102,496,1,2215,103,16927,395049,
E09000009,Ealing,2009,2239,127,422,1,2662,129,17581,292154,
E09000010,Enfield,2009,1076,79,1487,3,2564,82,13594,522763,
E09000011,Greenwich,2009,2238,135,489,2,2726,137,16548,312162,
E09000012,Hackney,2009,1872,117,700,2,2572,119,15935,459729,
E09000013,Hammersmith and Fulham,2009,1735,106,589,1,2324,107,16324,486534,
E09000014,Haringey,2009,1278,92,1050,1,2327,93,13837,1127319,
E09000015,Harrow,2009,1111,90,263,1,1374,91,12377,269481,
E09000016,Havering,2009,1005,74,594,1,1599,75,13502,582824,
E09000017,Hillingdon,2009,1448,95,343,1,1791,96,15219,286355,
E09000018,Hounslow,2009,1533,81,579,1,2112,82,18922,586852,
E09000019,Islington,2009,1510,94,215,1,1725,95,16008,264822,
E09000020,Kensington and Chelsea,2009,1581,96,1488,1,3069,98,16409,1212886,
E09000021,Kingston upon Thames,2009,1289,83,535,1,1824,84,15616,477606,
E09000022,Lambeth,2009,1050,87,614,1,1663,89,12015,469203,
E09000023,Lewisham,2009,992,71,916,3,1908,74,13941,363625,
E09000024,Merton,2009,977,58,272,1,1249,59,16731,310597,
E09000025,Newham,2009,1574,118,753,1,2327,120,13300,551929,
E09000026,Redbridge,2009,1493,107,272,1,1765,108,13920,286295,
E09000027,Richmond upon Thames,2009,1174,75,347,1,1521,76,15624,342881,
E09000028,Southwark,2009,1226,92,1296,1,2522,93,13326,1528301,
E09000029,Sutton,2009,1591,93,287,1,1878,94,17146,322430,
E09000030,Tower Hamlets,2009,1320,77,393,1,1713,78,17135,336256,
E09000031,Waltham Forest,2009,1183,103,990,2,2174,104,11530,637355,
E09000032,Wandsworth,2009,1149,71,275,1,1424,71,16290,346942,
E09000033,Westminster,2009,805,76,688,1,1494,77,10596,583454,
E12000001,North East,2009,1337,91,295,1,1632,92,14681,357444,
E12000002,North West,2009,1701,118,661,2,2362,120,14380,439789,
E12000003,Yorkshire and the Humber,2009,1100,89,2689,5,3788,95,12298,510257,
E12000004,East Midlands,2009,16918,1077,9465,12,26384,1089,15715,775011,
E12000005,Wes tMidlands,2009,44105,2824,25895,35,70000,2859,15616,740003,
E12000006,East,2009,32690,2074,22132,26,54822,2100,15760,857165,
E12000007,London,2009,26490,1705,14771,20,41261,1726,15532,734326,
E12000008,South East,2009,31547,2060,16279,26,47827,2085,15315,638357,
E12000009,South West,2009,30756,1993,16965,24,47720,2017,15434,701695,
W92000012,Wales,2009,44939,2982,22448,45,67387,3027,15070,500699,
S92000011,Scotland,2009,48311,3110,19167,43,67478,3152,15536,450448,
K03000009,Great Britain,2009,24048,1762,11425,21,35473,1783,13650,546367,
E09000001,City of London,2009,16587,1092,10403,12,26989,1104,15187,903327,
E09000002,Barking and Dagenham,2009,30730,1885,20378,26,51108,1911,16300,788367,
E09000003,Barnet,2009,347410,22584,191648,289,539058,22873,15383,663764,
E09000004,Bexley,2010,35,3,864,1,899,4,13272,835570,
E09000005,Brent,2010,825,65,221,0,1046,66,12599,444816,
E09000006,Bromley,2010,2387,126,589,2,2976,128,19007,252202,
E09000007,Camden,2010,1380,89,738,1,2118,89,15571,1114712,
E09000008,Croydon,2010,1700,102,517,1,2217,103,16738,421478,
E09000009,Ealing,2010,2232,128,414,1,2646,129,17454,295046,
E09000010,Enfield,2010,1070,79,1434,3,2504,82,13510,502882,
E09000011,Greenwich,2010,2225,136,493,2,2718,137,16368,324957,
E09000012,Hackney,2010,1860,118,747,2,2607,119,15822,495874,
E09000013,Hammersmith and Fulham,2010,1723,107,565,1,2289,108,16145,486627,
E09000014,Haringey,2010,1271,92,1084,1,2356,93,13749,1178489,
E09000015,Harrow,2010,1103,90,274,1,1377,91,12243,287193,
E09000016,Havering,2010,1005,75,637,1,1642,76,13470,637472,
E09000017,Hillingdon,2010,1434,95,335,1,1770,97,15026,294504,
E09000018,Hounslow,2010,1534,81,545,1,2079,82,18827,568475,
E09000019,Islington,2010,1509,94,232,1,1741,95,15976,282629,
E09000020,Kensington and Chelsea,2010,1574,97,1352,1,2925,98,16299,1117159,
E09000021,Kingston upon Thames,2010,1282,83,674,1,1956,84,15493,599220,
E09000022,Lambeth,2010,1034,87,615,1,1650,89,11843,472563,
E09000023,Lewisham,2010,994,71,949,3,1944,73,14035,371089,
E09000024,Merton,2010,975,59,279,1,1254,59,16650,319988,
E09000025,Newham,2010,1556,118,795,1,2351,120,13137,598988,
E09000026,Redbridge,2010,1482,108,272,1,1754,109,13767,294856,
E09000027,Richmond upon Thames,2010,1167,75,351,1,1518,76,15522,341705,
E09000028,Southwark,2010,1217,92,1316,1,2534,93,13228,1579886,
E09000029,Sutton,2010,1587,93,263,1,1849,94,17076,292928,
E09000030,Tower Hamlets,2010,1322,77,372,1,1694,78,17141,323940,
E09000031,Waltham Forest,2010,1168,103,1005,1,2173,104,11378,674772,
E09000032,Wandsworth,2010,1140,71,259,1,1399,71,16165,331905,
E09000033,Westminster,2010,797,76,703,1,1500,77,10479,591514,
E12000001,North East,2010,1327,91,332,1,1659,92,14542,403929,
E12000002,North West,2010,1685,119,682,2,2367,120,14217,451015,
E12000003,Yorkshire and the Humber,2010,1098,89,2813,5,3911,95,12280,535034,
E12000004,East Midlands,2010,16620,1081,9478,12,26099,1093,15378,794974,
E12000005,Wes tMidlands,2010,43160,2834,26673,34,69833,2868,15232,782190,
E12000006,East,2010,32486,2083,22541,26,55027,2109,15595,881271,
E12000007,London,2010,26449,1715,14816,20,41264,1735,15423,744352,
E12000008,South East,2010,31161,2068,16743,25,47905,2093,15067,670808,
E12000009,South West,2010,30751,2005,17361,24,48113,2029,15341,724055,
W92000013,Wales,2010,44701,2988,22722,44,67423,3032,14962,513387,
S92000012,Scotland,2010,48158,3131,21257,42,69415,3173,15382,506949,
K03000010,Great Britain,2010,23920,1780,11368,21,35287,1801,13439,550766,
E09000001,City of London,2010,16142,1100,10327,11,26469,1111,14674,918636,
E09000002,Barking and Dagenham,2010,30330,1905,22860,25,53190,1931,15919,900672,
E09000003,Barnet,2010,344321,22719,196321,284,540642,23003,15156,690933,
E09000004,Bexley,2011,776,66,241,0,1017,66,11797,502881,
E09000005,Brent,2011,2260,126,548,2,2808,128,17897,250829,
E09000006,Bromley,2011,1288,89,772,1,2060,89,14504,1210123,
E09000007,Camden,2011,1601,102,521,1,2123,103,15707,447639,
E09000008,Croydon,2011,2099,128,394,1,2492,130,16367,292911,
E09000009,Ealing,2011,1010,80,1464,3,2474,82,12693,525816,
E09000010,Enfield,2011,34,3,797,1,831,4,12667,796611,
E09000011,Greenwich,2011,2104,137,462,1,2566,138,15411,331091,
E09000012,Hackney,2011,1747,118,759,1,2506,119,14819,515564,
E09000013,Hammersmith and Fulham,2011,1614,107,605,1,2219,108,15076,527148,
E09000014,Haringey,2011,1192,92,1025,1,2217,93,12915,1137378,
E09000015,Harrow,2011,1035,91,278,1,1313,92,11398,290191,
E09000016,Havering,2011,935,75,616,1,1551,76,12500,633761,
E09000017,Hillingdon,2011,1341,96,333,1,1674,97,13973,308953,
E09000018,Hounslow,2011,1454,82,476,1,1930,83,17801,520935,
E09000019,Islington,2011,1406,95,220,1,1626,96,14788,271385,
E09000020,Kensington and Chelsea,2011,1479,97,984,1,2463,98,15271,839500,
E09000021,Kingston upon Thames,2011,1206,83,646,1,1853,84,14493,595754,
E09000022,Lambeth,2011,965,88,581,1,1547,89,10998,465791,
E09000023,Lewisham,2011,938,71,912,2,1851,74,13178,374832,
E09000024,Merton,2011,920,59,248,1,1168,60,15617,312257,
E09000025,Newham,2011,1469,119,825,1,2294,120,12329,632740,
E09000026,Redbridge,2011,1391,108,319,1,1710,109,12847,356471,
E09000027,Richmond upon Thames,2011,1106,76,333,1,1439,77,14606,350185,
E09000028,Southwark,2011,1155,93,1365,1,2520,94,12467,1558084,
E09000029,Sutton,2011,1494,93,240,1,1734,94,16023,288668,
E09000030,Tower Hamlets,2011,1241,77,349,1,1590,79,16021,320229,
E09000031,Waltham Forest,2011,1103,103,915,1,2018,105,10693,631010,
E09000032,Wandsworth,2011,1076,71,250,1,1326,72,15114,344341,
E09000033,Westminster,2011,754,77,742,1,1496,78,9828,615562,
E12000001,North East,2011,1254,92,296,1,1550,93,13644,366293,
E12000002,North West,2011,1591,119,637,1,2228,121,13353,448853,
E12000003,Yorkshire and the Humber,2011,1038,90,2683,5,3721,95,11541,523476,
E12000004,East Midlands,2011,15616,1083,8768,12,24383,1094,14420,762154,
E12000005,Wes tMidlands,2011,40475,2846,26261,33,66735,2879,14219,806952,
E12000006,East,2011,30883,2090,21877,25,52759,2115,14775,874782,
E12000007,London,2011,25007,1726,14307,19,39313,1745,14489,739128,
E12000008,South East,2011,29548,2076,16258,24,45805,2101,14230,665702,
E12000009,South West,2011,28852,2019,16374,23,45226,2042,14294,704647,
W92000014,Wales,2011,42078,3002,21837,43,63915,3045,14017,511916,
S92000013,Scotland,2011,45345,3145,20065,40,65410,3186,14416,497296,
K03000011,Great Britain,2011,22223,1792,10871,20,33094,1812,12401,548132,
E09000001,City of London,2011,14997,1104,9691,11,24688,1114,13590,893336,
E09000002,Barking and Dagenham,2011,28959,1922,22179,25,51137,1947,15064,898734,
E09000003,Barnet,2011,324430,22839,188736,275,513166,23113,14205,686988,
E09000004,Bexley,2012,32,3,768,1,800,4,11980,785032,
E09000005,Brent,2012,764,66,219,0,983,66,11620,461032,
E09000006,Bromley,2012,2245,126,545,2,2791,129,17751,251383,
E09000007,Camden,2012,1291,89,730,1,2021,89,14550,1147993,
E09000008,Croydon,2012,1575,102,531,1,2106,103,15440,467596,
E09000009,Ealing,2012,2106,128,404,1,2510,130,16392,311313,
E09000010,Enfield,2012,994,80,1464,3,2458,82,12493,525046,
E09000011,Greenwich,2012,2090,137,459,1,2550,138,15268,337371,
E09000012,Hackney,2012,1728,118,736,1,2464,119,14675,504733,
E09000013,Hammersmith and Fulham,2012,1607,107,512,1,2119,108,14996,464599,
E09000014,Haringey,2012,1181,92,732,1,1913,93,12801,846155,
E09000015,Harrow,2012,1013,91,311,1,1324,92,11152,323279,
E09000016,Havering,2012,920,75,619,1,1539,76,12297,650274,
E09000017,Hillingdon,2012,1317,96,332,1,1649,97,13712,310824,
E09000018,Hounslow,2012,1444,82,507,1,1951,83,17639,549237,
E09000019,Islington,2012,1404,95,234,1,1637,96,14749,309852,
E09000020,Kensington and Chelsea,2012,1474,97,991,1,2466,98,15224,869378,
E09000021,Kingston upon Thames,2012,1194,83,643,1,1837,84,14373,612294,
E09000022,Lambeth,2012,947,88,633,1,1580,89,10793,511826,
E09000023,Lewisham,2012,918,71,1112,2,2030,73,12933,453532,
E09000024,Merton,2012,921,59,254,1,1174,60,15573,320897,
E09000025,Newham,2012,1448,120,815,1,2264,121,12113,625785,
E09000026,Redbridge,2012,1372,109,273,1,1646,110,12617,317207,
E09000027,Richmond upon Thames,2012,1098,76,320,1,1417,77,14485,337814,
E09000028,Southwark,2012,1121,93,1019,1,2140,94,12073,1193214,
E09000029,Sutton,2012,1485,93,259,1,1744,94,15894,309814,
E09000030,Tower Hamlets,2012,1240,78,354,1,1594,79,15993,318659,
E09000031,Waltham Forest,2012,1080,103,981,1,2062,104,10529,679679,
E09000032,Wandsworth,2012,1077,71,246,1,1323,72,15111,345536,
E09000033,Westminster,2012,732,77,737,1,1468,78,9522,632767,
E12000001,North East,2012,1242,92,322,1,1565,93,13489,429138,
E12000002,North West,2012,1584,119,604,1,2188,121,13282,428464,
E12000003,Yorkshire and the Humber,2012,1015,90,2711,5,3726,95,11317,543040,
E12000004,East Midlands,2012,15668,1086,8591,11,24259,1097,14433,747343,
E12000005,Wes tMidlands,2012,40245,2864,26238,32,66483,2896,14053,820942,
E12000006,East,2012,30480,2094,22185,24,52665,2119,14554,909909,
E12000007,London,2012,24870,1734,14342,19,39212,1753,14343,760073,
E12000008,South East,2012,29210,2080,16073,24,45283,2104,14040,678883,
E12000009,South West,2012,28804,2026,15794,23,44598,2049,14218,695260,
W92000015,Wales,2012,41660,3004,21378,42,63038,3046,13868,509234,
S92000014,Scotland,2012,45345,3153,18700,40,64045,3193,14382,468354,
K03000012,Great Britain,2012,22433,1807,11019,20,33452,1827,12414,553730,
E09000001,City of London,2012,14905,1105,9371,11,24276,1116,13484,870658,
E09000002,Barking and Dagenham,2012,28802,1944,21729,25,50531,1969,14812,883124,
E09000003,Barnet,2012,323186,22960,186860,272,510047,23232,14076,687457,
E09000004,Bexley,2013,32,3,748,1,780,4,12179,761259,
E09000005,Brent,2013,747,66,210,0,957,66,11366,435935,
E09000006,Bromley,2013,2218,127,547,2,2765,129,17520,252251,
E09000007,Camden,2013,1260,89,728,1,1989,89,14195,1145335,
E09000008,Croydon,2013,1564,102,562,1,2126,103,15313,487102,
E09000009,Ealing,2013,2075,129,413,1,2488,130,16087,320790,
E09000010,Enfield,2013,983,80,1501,3,2485,82,12364,542392,
E09000011,Greenwich,2013,2062,137,447,1,2509,139,15027,323542,
E09000012,Hackney,2013,1710,118,743,1,2453,119,14503,502956,
E09000013,Hammersmith and Fulham,2013,1582,107,545,1,2127,108,14761,477653,
E09000014,Haringey,2013,1152,92,425,1,1576,93,12460,488007,
E09000015,Harrow,2013,998,91,341,1,1339,92,10934,342386,
E09000016,Havering,2013,909,75,580,1,1489,76,12138,587704,
E09000017,Hillingdon,2013,1300,96,332,1,1633,97,13485,307535,
E09000018,Hounslow,2013,1437,82,420,1,1857,83,17512,439147,
E09000019,Islington,2013,1366,95,227,1,1594,96,14341,304151,
E09000020,Kensington and Chelsea,2013,1457,97,959,1,2416,98,14992,840440,
E09000021,Kingston upon Thames,2013,1182,83,621,1,1803,84,14203,571323,
E09000022,Lambeth,2013,930,88,610,1,1540,89,10583,478664,
E09000023,Lewisham,2013,910,71,915,2,1825,73,12854,371728,
E09000024,Merton,2013,911,59,256,1,1166,60,15358,315848,
E09000025,Newham,2013,1423,120,857,1,2280,121,11871,639533,
E09000026,Redbridge,2013,1346,109,270,1,1616,110,12351,303644,
E09000027,Richmond upon Thames,2013,1086,76,327,1,1413,77,14303,339061,
E09000028,Southwark,2013,1103,93,1041,1,2144,94,11864,1140467,
E09000029,Sutton,2013,1461,94,245,1,1706,95,15597,295341,
E09000030,Tower Hamlets,2013,1225,78,383,1,1608,79,15764,349159,
E09000031,Waltham Forest,2013,1061,102,996,1,2057,104,10364,674715,
E09000032,Wandsworth,2013,1062,71,240,1,1302,72,14881,326121,
E09000033,Westminster,2013,726,77,731,1,1457,78,9391,600075,
E12000001,North East,2013,1223,92,310,1,1533,93,13226,407822,
E12000002,North West,2013,1558,120,636,1,2195,121,13036,453936,
E12000003,Yorkshire and the Humber,2013,1004,89,2714,5,3718,94,11228,542565,
E12000004,East Midlands,2013,15301,1089,8600,12,23902,1101,14045,737090,
E12000005,Wes tMidlands,2013,39022,2876,25618,32,64640,2908,13568,805173,
E12000006,East,2013,29506,2103,22043,24,51549,2127,14030,904784,
E12000007,London,2013,24292,1745,13975,19,38266,1764,13919,735561,
E12000008,South East,2013,28395,2089,16288,24,44682,2113,13590,683642,
E12000009,South West,2013,28259,2040,15364,23,43622,2063,13850,669940,
W92000016,Wales,2013,41065,3009,20882,43,61946,3052,13647,491159,
S92000015,Scotland,2013,44491,3169,18218,40,62709,3209,14040,455026,
K03000013,Great Britain,2013,22099,1822,10760,20,32858,1842,12128,537682,
E09000001,City of London,2013,14477,1111,8976,11,23453,1122,13029,833518,
E09000002,Barking and Dagenham,2013,28073,1965,20574,24,48647,1989,14287,849129,
E09000003,Barnet,2013,315656,23074,182746,273,498402,23347,13680,670216,
E09000004,Bexley,2014,29,2,641,1,669,3,11621,744769,
E09000005,Brent,2014,725,66,219,0,944,66,11052,476506,
E09000006,Bromley,2014,2154,127,545,2,2699,129,17018,270239,
E09000007,Camden,2014,1216,89,729,1,1945,89,13704,1213001,
E09000008,Croydon,2014,1516,102,550,1,2066,103,14870,502201,
E09000009,Ealing,2014,2005,129,391,1,2396,130,15546,317510,
E09000010,Enfield,2014,950,79,1284,3,2234,81,12045,512961,
E09000011,Greenwich,2014,2006,138,408,1,2414,139,14523,321306,
E09000012,Hackney,2014,1654,118,741,1,2395,119,14068,547486,
E09000013,Hammersmith and Fulham,2014,1530,107,523,1,2052,108,14269,491393,
E09000014,Haringey,2014,1114,92,990,1,2105,93,12079,1181932,
E09000015,Harrow,2014,966,91,309,1,1275,92,10561,319466,
E09000016,Havering,2014,877,75,506,1,1384,76,11734,553498,
E09000017,Hillingdon,2014,1250,96,309,1,1559,97,13043,309639,
E09000018,Hounslow,2014,1403,82,362,1,1766,83,17057,423349,
E09000019,Islington,2014,1323,96,216,1,1539,96,13817,303190,
E09000020,Kensington and Chelsea,2014,1420,97,811,1,2232,99,14574,768275,
E09000021,Kingston upon Thames,2014,1150,83,613,1,1762,84,13832,591896,
E09000022,Lambeth,2014,896,87,614,1,1510,89,10248,522187,
E09000023,Lewisham,2014,876,70,915,2,1791,73,12459,381047,
E09000024,Merton,2014,884,60,235,1,1119,60,14803,312439,
E09000025,Newham,2014,1369,119,765,1,2134,121,11453,593168,
E09000026,Redbridge,2014,1303,109,262,1,1566,110,11936,318077,
E09000027,Richmond upon Thames,2014,1052,76,314,1,1365,77,13816,349951,
E09000028,Southwark,2014,1072,93,917,1,1989,94,11545,1058861,
E09000029,Sutton,2014,1418,94,230,1,1649,95,15116,299192,
E09000030,Tower Hamlets,2014,1190,78,345,1,1535,79,15292,339779,
E09000031,Waltham Forest,2014,1022,102,829,1,1851,103,10055,604557,
E09000032,Wandsworth,2014,1028,71,212,1,1241,72,14397,318033,
E09000033,Westminster,2014,683,75,616,1,1299,76,9120,542764,
E12000001,North East,2014,1188,93,293,1,1481,93,12828,383397,
E12000002,North West,2014,1506,120,592,1,2098,121,12578,449016,
E12000003,Yorkshire and the Humber,2014,926,85,2115,4,3041,89,10854,516110,
E12000004,East Midlands,2014,14759,1094,7620,11,22379,1105,13487,711367,
E12000005,Wes tMidlands,2014,37397,2885,23808,29,61205,2914,12961,823752,
E12000006,East,2014,28805,2109,19797,23,48601,2132,13656,877194,
E12000007,London,2014,23722,1757,13377,18,37099,1774,13505,750566,
E12000008,South East,2014,27800,2097,15905,22,43705,2119,13256,712519,
E12000009,South West,2014,27471,2051,14227,21,41698,2071,13396,685674,
W92000017,Wales,2014,39701,3001,19401,39,59102,3040,13228,510218,
S92000016,Scotland,2014,43371,3176,16399,37,59769,3213,13655,443867,
K03000014,Great Britain,2014,21526,1831,10682,18,32207,1850,11753,585161,
E09000001,City of London,2014,13851,1108,8280,9,22132,1118,12497,879840,
E09000002,Barking and Dagenham,2014,27390,1974,18903,22,46294,1997,13872,843030,
E09000003,Barnet,2014,307832,23239,187824,266,495656,23505,13246,705903,
E09000004,Bexley,2015,30,3,854,1,885,4,11945,856181,
E09000005,Brent,2015,734,66,244,1,978,66,11166,484529,
E09000006,Bromley,2015,2171,127,564,2,2735,129,17073,266610,
E09000007,Camden,2015,1242,89,707,1,1949,90,13917,1112809,
E09000008,Croydon,2015,1533,103,572,1,2104,104,14916,485288,
E09000009,Ealing,2015,2060,130,409,1,2470,131,15873,319978,
E09000010,Enfield,2015,955,79,1395,3,2350,82,12067,518160,
E09000011,Greenwich,2015,2058,139,433,1,2490,140,14819,327042,
E09000012,Hackney,2015,1658,118,747,1,2405,120,14014,530809,
E09000013,Hammersmith and Fulham,2015,1546,108,530,1,2076,109,14335,481393,
E09000014,Haringey,2015,1135,93,441,1,1576,94,12244,503987,
E09000015,Harrow,2015,965,92,340,1,1305,93,10547,330009,
E09000016,Havering,2015,874,75,591,1,1465,76,11660,594393,
E09000017,Hillingdon,2015,1263,97,315,1,1578,98,13062,298750,
E09000018,Hounslow,2015,1417,83,344,1,1760,84,17114,379755,
E09000019,Islington,2015,1336,97,237,1,1573,97,13839,312980,
E09000020,Kensington and Chelsea,2015,1424,98,738,1,2161,99,14530,647834,
E09000021,Kingston upon Thames,2015,1150,84,616,1,1766,85,13757,564272,
E09000022,Lambeth,2015,899,88,639,1,1538,89,10262,510879,
E09000023,Lewisham,2015,870,70,895,2,1765,73,12407,374580,
E09000024,Merton,2015,896,60,245,1,1141,61,14911,328340,
E09000025,Newham,2015,1386,120,870,1,2256,121,11567,637778,
E09000026,Redbridge,2015,1334,110,377,1,1711,111,12166,443562,
E09000027,Richmond upon Thames,2015,1072,76,320,1,1392,77,14020,334831,
E09000028,Southwark,2015,1083,93,985,1,2068,94,11604,1061171,
E09000029,Sutton,2015,1429,94,242,1,1671,95,15202,291571,
E09000030,Tower Hamlets,2015,1181,78,317,1,1498,79,15147,299156,
E09000031,Waltham Forest,2015,1040,102,997,1,2037,103,10191,679139,
E09000032,Wandsworth,2015,1048,72,244,1,1293,72,14610,355100,
E09000033,Westminster,2015,702,77,741,1,1443,78,9115,584371,
E12000001,North East,2015,1197,93,288,1,1485,94,12857,380367,
E12000002,North West,2015,1518,120,615,1,2134,122,12640,443532,
E12000003,Yorkshire and the Humber,2015,966,88,2498,5,3465,93,10936,513430,
E12000004,East Midlands,2015,14768,1104,8282,11,23050,1116,13372,745206,
E12000005,Wes tMidlands,2015,37374,2908,25013,31,62387,2938,12853,819738,
E12000006,East,2015,29016,2127,21188,24,50203,2150,13644,887515,
E12000007,London,2015,23831,1777,14166,19,37997,1796,13408,756028,
E12000008,South East,2015,27919,2116,17323,23,45242,2139,13195,739828,
E12000009,South West,2015,28031,2075,15307,22,43338,2098,13507,687451,
W92000018,Wales,2015,40172,3020,20350,42,60522,3061,25998,963147,
S92000017,Scotland,2015,44073,3211,18074,40,62147,3251,13725,456456,
K03000015,Great Britain,2015,21689,1857,11186,20,32874,1877,11679,569007,
E09000001,City of London,2015,13814,1124,9012,10,22826,1134,12291,863709,
E09000002,Barking and Dagenham,2015,27315,1999,19563,24,46879,2023,13662,829122,
E09000003,Barnet,2015,308851,23395,181677,267,490528,23662,13202,679348,
E09000004,Bexley,2016,30,3,773,1,803,4,11680,788215,
E09000005,Brent,2016,738,66,220,0,958,67,11122,449125,
E09000006,Bromley,2016,2163,128,525,2,2688,130,16852,255324,
E09000007,Camden,2016,1222,90,695,1,1917,91,13549,1101853,
E09000008,Croydon,2016,1523,103,537,1,2060,104,14765,465297,
E09000009,Ealing,2016,2016,131,385,1,2401,132,15451,299321,
E09000010,Enfield,2016,947,79,1470,3,2417,82,11966,546236,
E09000011,Greenwich,2016,2019,140,446,1,2465,141,14462,338483,
E09000012,Hackney,2016,1652,119,686,1,2338,120,13916,492138,
E09000013,Hammersmith and Fulham,2016,1539,108,503,1,2042,110,14192,452756,
E09000014,Haringey,2016,1118,93,467,1,1585,94,12013,534111,
E09000015,Harrow,2016,968,92,333,1,1301,93,10520,324138,
E09000016,Havering,2016,875,75,552,1,1427,76,11658,548633,
E09000017,Hillingdon,2016,1255,97,349,1,1604,98,12965,338543,
E09000018,Hounslow,2016,1411,83,248,1,1659,84,16913,268358,
E09000019,Islington,2016,1330,97,230,1,1559,98,13672,300905,
E09000020,Kensington and Chelsea,2016,1427,99,678,1,2105,100,14453,603895,
E09000021,Kingston upon Thames,2016,1158,84,601,1,1759,86,13718,557094,
E09000022,Lambeth,2016,896,88,681,1,1577,89,10222,554041,
E09000023,Lewisham,2016,867,70,870,2,1737,72,12403,365043,
E09000024,Merton,2016,883,60,232,1,1116,61,14662,302299,
E09000025,Newham,2016,1370,120,832,1,2202,122,11391,606268,
E09000026,Redbridge,2016,1314,110,350,1,1665,111,11944,409901,
E09000027,Richmond upon Thames,2016,1056,77,303,1,1359,78,13763,318865,
E09000028,Southwark,2016,1079,93,935,1,2014,94,11554,1046992,
E09000029,Sutton,2016,1429,94,229,1,1658,95,15126,281472,
E09000030,Tower Hamlets,2016,1183,78,312,1,1495,79,15104,298362,
E09000031,Waltham Forest,2016,1027,102,990,1,2017,104,10049,664097,
E09000032,Wandsworth,2016,1031,72,231,1,1263,73,14316,329569,
E09000033,Westminster,2016,698,77,744,1,1442,78,9061,587792,
E12000001,North East,2016,1192,93,280,1,1472,94,12766,363808,
E12000002,North West,2016,1502,120,686,1,2188,122,12476,499296,
E12000003,Yorkshire and the Humber,2016,957,88,2494,5,3451,93,10849,514381,
E12000004,East Midlands,2016,14852,1119,8717,11,23569,1130,13271,768259,
E12000005,Wes tMidlands,2016,37565,2939,24301,31,61865,2970,12779,785288,
E12000006,East,2016,28827,2148,20912,24,49739,2172,13418,873840,
E12000007,London,2016,24059,1806,13822,19,37881,1825,13322,733961,
E12000008,South East,2016,28269,2143,16829,24,45098,2167,13190,710839,
E12000009,South West,2016,28082,2108,13697,22,41779,2130,13321,618491,
W92000019,Wales,2016,39875,3032,19870,42,59745,3074,25705,942793,
S92000018,Scotland,2016,44041,3266,17694,39,61734,3306,13484,447966,
K03000016,Great Britain,2016,21935,1894,10736,20,32672,1914,11578,541291,
E09000001,City of London,2016,13831,1139,8907,10,22737,1150,12142,848497,
E09000002,Barking and Dagenham,2016,27459,2043,18899,24,46358,2066,13442,798033,
E09000003,Barnet,2016,309628,23714,176953,269,486581,23983,13057,658901,
E09000004,Bexley,2017,28,2,828,1,856,3,11380,847118,
E09000005,Brent,2017,770,67,220,0,990,67,11531,451632,
E09000006,Bromley,2017,2212,129,547,2,2759,131,17157,255516,
E09000007,Camden,2017,1251,90,734,1,1985,91,13850,1099720,
E09000008,Croydon,2017,1547,103,519,1,2066,105,14972,440817,
E09000009,Ealing,2017,2062,131,379,1,2441,132,15762,284263,
E09000010,Enfield,2017,966,79,1419,3,2385,82,12215,526752,
E09000011,Greenwich,2017,2069,141,454,1,2524,142,14724,338328,
E09000012,Hackney,2017,1692,119,728,1,2420,120,14215,507331,
E09000013,Hammersmith and Fulham,2017,1589,109,524,1,2113,110,14600,481767,
E09000014,Haringey,2017,1152,93,455,1,1607,94,12353,519921,
E09000015,Harrow,2017,989,92,380,1,1370,93,10740,368174,
E09000016,Havering,2017,897,75,570,1,1468,76,11940,565029,
E09000017,Hillingdon,2017,1283,97,348,1,1631,98,13229,326768,
E09000018,Hounslow,2017,1442,84,243,1,1685,85,17200,265614,
E09000019,Islington,2017,1372,98,235,1,1607,98,14073,306508,
E09000020,Kensington and Chelsea,2017,1462,99,755,1,2217,100,14764,654057,
E09000021,Kingston upon Thames,2017,1188,85,577,1,1765,86,14010,533389,
E09000022,Lambeth,2017,916,88,680,1,1596,89,10448,544607,
E09000023,Lewisham,2017,883,70,870,2,1752,72,12660,352465,
E09000024,Merton,2017,903,61,241,1,1144,61,14917,309899,
E09000025,Newham,2017,1404,120,778,1,2182,122,11660,568551,
E09000026,Redbridge,2017,1347,110,344,1,1692,111,12211,390561,
E09000027,Richmond upon Thames,2017,1084,77,304,1,1388,78,14079,317358,
E09000028,Southwark,2017,1106,93,960,1,2066,94,11828,1066739,
E09000029,Sutton,2017,1467,95,242,1,1708,96,15449,288713,
E09000030,Tower Hamlets,2017,1205,78,308,1,1513,79,15391,284609,
E09000031,Waltham Forest,2017,1051,102,1024,1,2076,104,10296,697244,
E09000032,Wandsworth,2017,1054,72,263,1,1316,73,14571,374056,
E09000033,Westminster,2017,710,77,794,1,1504,78,9211,611329,
E12000001,North East,2017,1217,94,285,1,1503,95,12990,358978,
E12000002,North West,2017,1545,121,613,1,2158,122,12812,443060,
E12000003,Yorkshire and the Humber,2017,973,88,2645,5,3619,93,11054,544329,
E12000004,East Midlands,2017,15376,1130,9101,11,24477,1141,13612,807193,
E12000005,Wes tMidlands,2017,39081,2960,26742,31,65823,2991,13205,849415,
E12000006,East,2017,29957,2163,21282,24,51240,2188,13849,874275,
E12000007,London,2017,24874,1825,14348,19,39223,1845,13626,750943,
E12000008,South East,2017,29313,2162,16335,24,45648,2186,13558,676892,
E12000009,South West,2017,29120,2129,14860,23,43980,2152,13677,658024,
W92000020,Wales,2017,40838,3039,20266,42,61105,3081,26263,949380,
S92000019,Scotland,2017,45051,3300,18289,40,63340,3340,13651,459484,
K03000017,Great Britain,2017,22705,1917,11484,20,34189,1937,11846,569349,
E09000001,City of London,2017,14444,1147,9723,11,24167,1158,12589,905522,
E09000002,Barking and Dagenham,2017,28349,2066,19784,24,48133,2090,13721,818600,
E09000003,Barnet,2017,319949,23915,184326,272,504275,24188,13379,676686,
,,,,,,,,,,,
